INSERT INTO buvette (idB, nomB, emplacement, responsable) VALUES
(1, 'bsmey', 'Stade de Lorraine', 23),
(2, 'cavwv', 'Stade de Lorraine', 20),
(3, 'lixpp', 'Stade de Lorraine', 6),
(4, 'qtord', 'Stade de Lorraine', 5),
(5, 'lbfua', 'Stade de Lorraine', 22),
(6, 'mqgoc', 'Parc Matter', 15),
(7, 'oswfc', 'Parc Matter', 18),
(8, 'pjmmq', 'Parc Matter', 15),
(9, 'blhao', 'Parc Matter', 15),
(10, 'hjfey', 'Parc Matter', 29),
(11, 'cchwc', 'Stade Est France', 8),
(12, 'pbeeu', 'Stade Est France', 25),
(13, 'ojiht', 'Stade Est France', 13),
(14, 'wfrli', 'Stade Est France', 11),
(15, 'ufvxv', 'Stade Est France', 9),
(16, 'zquec', 'Stade Maurice De Vienne', 10),
(17, 'bhrzz', 'Stade Maurice De Vienne', 19),
(18, 'xxxsi', 'Stade Maurice De Vienne', 21),
(19, 'tttqf', 'Stade Maurice De Vienne', 10),
(20, 'erlve', 'Stade Maurice De Vienne', 10),
(21, 'ymwbg', 'Stade Alain Convard', 12),
(22, 'ydicf', 'Stade Alain Convard', 4),
(23, 'qkhjy', 'Stade Alain Convard', 30),
(24, 'rtjmp', 'Stade Alain Convard', 8),
(25, 'zhred', 'Stade Alain Convard', 25),
(26, 'qlzbg', 'Stadium', 11),
(27, 'txaee', 'Stadium', 16),
(28, 'agsli', 'Stadium', 2),
(29, 'bnmil', 'Stadium', 23),
(30, 'ijdfi', 'Stadium', 27),
(31, 'pedfs', 'Nouveau Stade de Nancy’', 25),
(32, 'yhlgl', 'Nouveau Stade de Nancy', 6),
(33, 'brjcj', 'Nouveau Stade de Nancy', 12),
(34, 'joxoy', 'Nouveau Stade de Nancy', 11),
(35, 'uxogh', 'Nouveau Stade de Nancy', 6),
(36, 'pofrz', 'Stade Marcel-Picot', 7),
(37, 'awtbw', 'Stade Marcel-Picot', 13),
(38, 'styiy', 'Stade Marcel-Picot', 9),
(39, 'ckgbp', 'Stade Marcel-Picot', 22),
(40, 'znvhv', 'Stade Marcel-Picot', 15),
(41, 'csxji', 'Stade Robert Leprun', 26),
(42, 'psppa', 'Stade Robert Leprun', 10),
(43, 'kjuje', 'Stade Robert Leprun', 27),
(44, 'mtfzz', 'Stade Robert Leprun', 27),
(45, 'znlhs', 'Stade Robert Leprun', 10),
(46, 'kzpgh', 'Stade Victor', 23),
(47, 'aizhy', 'Stade Victor', 16),
(48, 'ozosj', 'Stade Victor', 5),
(49, 'virpm', 'Stade Victor', 25),
(50, 'upebq', 'Stade Victor', 8);

INSERT INTO equipe (idE, pays, drapeau) VALUES
('al', 'ALLEMAGNE', 'img/al.png'),
('alb', 'ALBANIE', 'img/alb.png'),
('an', 'ANGLETERRE', 'img/an.png'),
('au', 'AUTRICHE', 'img/au.png'),
('be', 'BELGIQUE', 'img/be.png'),
('cr', 'CROATIE', 'img/cr.png'),
('es', 'ESPAGNE', 'img/es.png'),
('fr', 'FRANCE', 'img/fr.png'),
('ga', 'GALLES', 'img/ga.png'),
('ir', 'IRLANDE', 'img/ir.png'),
('it', 'ITALIE', 'img/it.png'),
('po', 'PORTUGAL', 'img/po.png'),
('ro', 'ROUMANIE', 'img/ro.png'),
('rt', 'REPUBLIQUE TCHEQUE', 'img/rt.png'),
('ru', 'RUSSIE', 'img/ru.png'),
('sl', 'SLOVENIE', 'img/sl.png'),
('su', 'SUEDE', 'img/su.png'),
('tu', 'TURQUIE', 'img/tu.png'),
('uk', 'UKRAINE', 'img/uk.png');

INSERT INTO estouverte (idB, idM) VALUES
(1, 1),
(4, 1),
(5, 1),
(36, 2),
(40, 2),
(31, 3),
(34, 3),
(13, 4),
(14, 4),
(15, 4),
(8, 5),
(16, 6),
(18, 6),
(41, 7),
(42, 7),
(27, 8),
(2, 9),
(3, 9),
(49, 10);

INSERT INTO estpresent (idV, idB, idM, hdeb, hfin) VALUES
(1, 5, 1, 17, 23),
(1, 15, 4, 18, 23),
(1, 16, 6, 19, 23),
(1, 27, 8, 19, 22),
(2, 14, 4, 18, 23),
(2, 15, 4, 19, 21),
(2, 31, 3, 18, 21),
(2, 41, 7, 17, 23),
(3, 5, 1, 17, 23),
(3, 15, 4, 19, 23),
(3, 18, 6, 18, 21),
(3, 49, 10, 19, 23),
(4, 8, 5, 19, 23),
(4, 13, 4, 18, 23),
(4, 27, 8, 17, 21),
(4, 49, 10, 17, 21),
(5, 2, 9, 17, 23),
(5, 14, 4, 19, 21),
(5, 34, 3, 19, 22),
(5, 36, 2, 17, 22),
(6, 4, 1, 19, 22),
(6, 5, 1, 19, 21),
(6, 8, 5, 17, 21),
(6, 18, 6, 17, 21),
(6, 27, 8, 19, 23),
(6, 40, 2, 17, 21),
(6, 42, 7, 18, 21),
(7, 31, 3, 19, 21),
(7, 41, 7, 19, 23),
(7, 42, 7, 18, 22),
(8, 4, 1, 19, 23),
(8, 8, 5, 19, 22),
(8, 13, 4, 19, 23),
(8, 15, 4, 19, 21),
(8, 16, 6, 17, 21),
(8, 34, 3, 17, 21),
(8, 36, 2, 19, 22),
(8, 41, 7, 17, 22),
(9, 3, 9, 18, 22),
(9, 34, 3, 19, 21),
(10, 13, 4, 18, 23),
(10, 14, 4, 19, 21),
(10, 41, 7, 19, 21),
(11, 3, 9, 18, 22),
(11, 5, 1, 17, 22),
(11, 40, 2, 19, 23),
(11, 42, 7, 18, 23),
(12, 3, 9, 19, 22),
(12, 15, 4, 19, 23),
(13, 3, 9, 19, 22),
(13, 13, 4, 18, 21),
(13, 16, 6, 17, 21),
(13, 49, 10, 18, 23),
(14, 8, 5, 19, 23),
(14, 18, 6, 17, 22),
(14, 42, 7, 17, 23),
(15, 1, 1, 18, 22),
(15, 2, 9, 18, 22),
(15, 5, 1, 17, 22),
(15, 14, 4, 18, 21),
(15, 27, 8, 19, 23),
(15, 34, 3, 19, 23),
(15, 36, 2, 19, 23),
(15, 40, 2, 19, 23),
(15, 41, 7, 19, 21),
(16, 4, 1, 17, 23),
(16, 8, 5, 17, 21),
(16, 13, 4, 19, 21),
(16, 14, 4, 17, 22),
(17, 2, 9, 18, 21),
(17, 3, 9, 17, 22),
(17, 8, 5, 17, 22),
(17, 31, 3, 19, 22),
(18, 2, 9, 19, 22),
(18, 4, 1, 18, 21),
(18, 42, 7, 19, 22),
(19, 2, 9, 18, 23),
(19, 8, 5, 17, 22),
(19, 16, 6, 17, 21),
(19, 34, 3, 18, 21),
(19, 36, 2, 17, 22),
(19, 40, 2, 17, 21),
(20, 2, 9, 19, 22),
(20, 4, 1, 19, 22),
(20, 5, 1, 19, 23),
(20, 14, 4, 17, 23),
(20, 18, 6, 19, 22),
(20, 36, 2, 18, 22),
(20, 40, 2, 17, 21),
(20, 41, 7, 18, 23),
(20, 49, 10, 19, 21),
(21, 5, 1, 17, 22),
(21, 15, 4, 17, 21),
(21, 18, 6, 18, 21),
(21, 36, 2, 18, 22),
(21, 41, 7, 17, 23),
(22, 40, 2, 17, 23),
(23, 4, 1, 19, 23),
(23, 5, 1, 17, 22),
(23, 16, 6, 19, 22),
(25, 3, 9, 19, 23),
(25, 14, 4, 18, 21),
(25, 27, 8, 18, 22),
(25, 42, 7, 18, 22),
(26, 16, 6, 17, 23),
(26, 36, 2, 18, 23),
(26, 40, 2, 17, 21),
(27, 14, 4, 18, 23),
(28, 15, 4, 19, 23),
(28, 16, 6, 17, 23),
(28, 27, 8, 19, 22),
(28, 31, 3, 18, 23),
(29, 1, 1, 18, 23),
(29, 4, 1, 19, 23),
(29, 8, 5, 19, 23),
(29, 18, 6, 17, 23),
(29, 31, 3, 18, 22),
(29, 36, 2, 17, 22),
(29, 40, 2, 19, 21),
(30, 1, 1, 17, 23),
(30, 2, 9, 18, 22),
(30, 14, 4, 19, 21),
(30, 15, 4, 18, 23),
(30, 36, 2, 18, 22),
(30, 40, 2, 19, 22);

INSERT INTO matchs (idM, dateM, eqA, eqB, scoreA, scoreB) VALUES
(1, '2016-06-10', 'fr', 'ro', NULL, NULL),
(2, '2016-06-11', 'alb', 'su', NULL, NULL),
(3, '2016-06-11', 'ga', 'sl', NULL, NULL),
(4, '2016-06-11', 'an', 'ru', NULL, NULL),
(5, '2016-06-12', 'tu', 'cr', NULL, NULL),
(6, '2016-06-12', 'po', 'ir', NULL, NULL),
(7, '2016-06-12', 'al', 'uk', NULL, NULL),
(8, '2016-06-13', 'es', 'rt', NULL, NULL),
(9, '2016-06-13', 'ir', 'su', NULL, NULL),
(10, '2016-06-13', 'be', 'it', NULL, NULL);

INSERT INTO volontaire (idV, nomV, naissance) VALUES
(1, 'Belva Lindgren', '1990-08-15'),
(2, 'Yandel Spinka', '1976-01-20'),
(3, 'Mr. Wilburn Greenfelder', '1971-04-10'),
(4, 'Willie Kris', '1978-02-01'),
(5, 'Carson Runte', '2002-12-14'),
(6, 'Miss Ica Kassulke DDS', '1981-07-25'),
(7, 'Amado Pollich', '1970-05-04'),
(8, 'Santo Homenick', '1977-11-29'),
(9, 'Lilliana Gutmann', '2002-09-13'),
(10, 'Yaritza Dickinson', '2004-12-30'),
(11, 'Ally Kirlin', '1994-02-17'),
(12, 'Kash Halvorson', '2003-10-10'),
(13, 'Miss Valentina Berge', '1986-07-22'),
(14, 'Danniel Reinger', '1980-09-04'),
(15, 'Mrs. Ilene Murphy PhD', '2003-05-19'),
(16, 'Dr. Odis Sauer', '1980-02-19'),
(17, 'Missy Boehm', '1973-08-11'),
(18, 'Chanda Bergstrom', '1975-12-02'),
(19, 'Dink Walter PhD', '1983-07-25'),
(20, 'Dr. Cap Olson PhD', '1983-04-21'),
(21, 'Vernelle Kuhn', '1985-06-20'),
(22, 'Betha Hudson', '1974-04-19'),
(23, 'Riley Spencer', '2003-09-09'),
(24, 'Mrs. Lucile Smith', '2000-12-19'),
(25, 'Ms. Fleta Weber', '1991-12-10'),
(26, 'Joesph Gutkowski', '1994-08-29'),
(27, 'Treena Romaguera', '1974-03-20'),
(28, 'Vita Monahan', '1973-05-09'),
(29, 'Kia Bernier', '1976-07-25'),
(30, 'Destry Jaskolski', '1983-11-05');